title,price,imageUrl,itemUrl
遊戯王 増殖 デッキ,2000,https://static.mercdn.net/thumb/photos/m71264866890_1.jpg?1585453004,https://www.mercari.com/jp/items/m71264866890/?_s=U2FsdGVkX1_1bIc3Lqb8VfUiCI8zeQKK36Pp66RM5yPmixv_qJ8z2S9Azdjw48yoSfS9lxJgzvqTa5bCbA1QB6CSWSKWWxf2XomQmYRnjMh1PLqQzsWqayS_D30Citf3
遊戯王 Ｅ・ＨＥＲＯ オーシャン,700,https://static.mercdn.net/thumb/photos/m33492069540_1.jpg?1585466499,https://www.mercari.com/jp/items/m33492069540/?_s=U2FsdGVkX19UNGdEYUrxketqBGlqni-Lpy3Il6JThpyvyr03gqjHufGbqqb7UYll1qccHaucx4e3MrQqcXigvG8rMPJb5kW_33u7kTnqmYteF830E6oyl8fWmhLKWML5
遊戯王シール,400,https://static.mercdn.net/thumb/photos/m16725617319_1.jpg?1585466397,https://www.mercari.com/jp/items/m16725617319/?_s=U2FsdGVkX1-9BGdO_3NgdA2qqEv2KLTT2SUUKFOpWsw9uwDo5zaP81PODVapPCdjn_hBoaVoiub0EYAnokwsB-8OwWgQEAmQfXZsIVqwsHAgKbQuwgV2vRkIe-ORwRFm
遊戯王 ブラックフェザー・ドラゴン,1111,https://static.mercdn.net/thumb/photos/m69695730350_1.jpg?1585366610,https://www.mercari.com/jp/items/m69695730350/?_s=U2FsdGVkX18RI_RdMWDFdchU4IWbsJObUOCDh3bkhhXwOlC-ifIYStjqwcdBrs7GQIVD0piteIHOxBMuUzEpPIgx4s4yKJu51BHBBeD2SGRGLwIVfwpTreuw_ytUUhMW
遊戯王 スキルドレイン　スーパー,400,https://static.mercdn.net/thumb/photos/m55628482644_1.jpg?1585466437,https://www.mercari.com/jp/items/m55628482644/?_s=U2FsdGVkX1-m8ZrsJ09SA2N5GbaoprqOQIxO5Drtvu9vAX3iCCDO0SDh9nEDFMoZqjMzoJEc1VsbDwoTyc8VW6UgoEx4dBhvKfx6dWeV5fWj9A53mdHYu_i1balkRhxS
遊戯王 強欲な贈り物,300,https://static.mercdn.net/thumb/photos/m84240276536_1.jpg?1585466468,https://www.mercari.com/jp/items/m84240276536/?_s=U2FsdGVkX1_5SvWiCaMljfe8VYmmvImfHN1sWKX3tUcnM4s03qgflZEdvgGDHKdgC2xvJeg-v2xx260pQt8BbpLOhsE9ZjqgmLJRnjv6K1sgOFNqcxABcLg5B9nmXJkD
遊戯王 アンデットワールド　ノーマル,444,https://static.mercdn.net/thumb/photos/m88073525550_1.jpg?1585466413,https://www.mercari.com/jp/items/m88073525550/?_s=U2FsdGVkX19YeIJpeB0AzIV5ulJa-InS1BXVU2zquRwZSzsWiv8P0KogqqsBKKedttMmDElZwoOLAfZC7uJ6fiR2MUm98vO1w1DpanDnt9zgi-dELsCYYtsSy4V3G5U7
遊戯王 クイーンマドルチェ・ティアラミス　3枚,600,https://static.mercdn.net/thumb/photos/m65766400032_1.jpg?1585466491,https://www.mercari.com/jp/items/m65766400032/?_s=U2FsdGVkX1--JBtw-AOf3vnzacntlSe2DJ1qKhmf8GlBJl8gwB9Hp2bReHGoAaAGH43IJQuc8uT6ivCmbpMWHkrS4-LlnQEHRUFuGAiBjQyGYPWs-gAbKJ5ZvFZOrnlX
遊戯王 裁きの龍,2000,https://static.mercdn.net/thumb/photos/m12652315837_1.jpg?1585396039,https://www.mercari.com/jp/items/m12652315837/?_s=U2FsdGVkX1-PDJesitPuTHXGd-hcnBP7_V-zuC1FtpTnGraw5khgtOoRzgkYjuHyvxDj5o66vrX5Xw9iaAzlpNsUq3vUUL8oHWCoHfQbnfdvQ8QLk3_HcahGZt9VOazE
遊戯王 レア 下敷き 非売品 東映,2222,https://static.mercdn.net/thumb/photos/m64273376939_1.jpg?1585466484,https://www.mercari.com/jp/items/m64273376939/?_s=U2FsdGVkX19pOxRhSlgjE0KsGaJ6lPVu1eVGaoqpzyYf5JKakxjWpyiThNgGFYXV4fhEmD7Hyf6UpDqkb-jLMjkTuHsyLCZKz66u4LklY1h42_MIWGO486ev0NNnD5vi
遊戯王 ヴァレルロード・Ｓ・ドラゴン,1500,https://static.mercdn.net/thumb/photos/m91476644967_1.jpg?1585466438,https://www.mercari.com/jp/items/m91476644967/?_s=U2FsdGVkX18DpLVlw-IbdNNUq7yypyC12A12lhekOXuZy0GpFtNChaMDBcHOdZgwBH4FUQ1Tc-qObRGnU7Cu1akSHnHt0Gq2ufb9sVjTqCB6wd2ShmsND_0ODBQ3R1bv
